word_base|word|word_level|word_freq|word_translation_en|word_translation_ru|word_synonyms|sentence_example|sentence_example_translation_en|sentence_example_translation_ru|sentence_synonym|typical_collocations|usage_comments_en
stecken|stecken|B2|34338|to put, stick, plug; to be located|совать, втыкать, класть; торчать, находиться|hineintun; befinden; steckenlassen|Er steckte den Schlüssel ins Schloss.|He put the key in the lock.|Он вставил ключ в замок.|Er schob den Schlüssel ins Schloss.|den Schlüssel stecken; im Stau stecken; in Schwierigkeiten stecken|Can be used transitively (with Akkusativ, e.g., 'etwas in die Tasche stecken') indicating movement, or intransitively (with Dativ, e.g., 'in der Klemme stecken') indicating location.
stecken|Steckbrief|C1|12732|profile, wanted poster, fact sheet|ориентировка, досье, краткое описание|Profil; Personenbeschreibung; Fahndungsplakat|Die Polizei veröffentlichte einen Steckbrief des Täters.|The police published a wanted poster of the perpetrator.|Полия опубликовала ориентировку на преступника.|Die Polizei veröffentlichte ein Fahndungsplakat des Täters.|einen Steckbrief erstellen; einen Steckbrief veröffentlichen; ein kurzer Steckbrief|Originally a 'wanted poster' used by the police, 'Steckbrief' is now frequently used in schools and media to refer to a concise profile or fact sheet of a person, animal, or object.
stecken|Steckdose|B2|11731|wall socket, power outlet|розетка|Anschlussdose; Dose|Stecke das Ladekabel bitte in die Steckdose.|Please plug the charging cable into the wall socket.|Пожалуйста, вставь кабель зарядки в розетку.|Stecke das Ladekabel bitte in die Anschlussdose.|eine Steckdose installieren; den Stecker aus der Steckdose ziehen; eine dreifache Steckdose|A feminine noun. It refers strictly to the electrical outlet on the wall. The device that goes into it is the 'Stecker'.
stecken|Stecker|C1|13728|plug|штекер, вилка|Netzstecker; Steckerverbindung|Zieh den Stecker aus der Steckdose, wenn du fertig bist.|Pull the plug out of the socket when you are finished.|Вытащи вилку из розетки, когда закончишь.|Zieh den Netzstecker aus der Steckdose, wenn du fertig bist.|den Stecker ziehen; den Stecker einstecken; passender Stecker|Masculine noun. In idiomatic German, 'den Stecker ziehen' also means to pull the plug on a project or to end something.
stecken|Steckkamm|C2|199121|hair slide comb, side comb|гребень для волос|Haarkamm; Einsteckkamm|Sie befestigte ihre Frisur mit einem Steckkamm.|She secured her hairstyle with a side comb.|Она закрепила прическу гребнем.|Sie befestigte ihre Frisur mit einem Haarkamm.|einen Steckkamm benutzen; Steckkamm aus Kunststoff; Steckkamm im Haar|A compound noun from 'stecken' and 'Kamm'. It refers to a small, curved comb used by women to hold hair in place or as an ornament.
stecken|Steckkarte|C2|107756|plug-in card, expansion card|вставная плата, перфокарта|Einsteckkarte; Erweiterungskarte|Die neue Steckkarte wird in den Hauptrechner eingebaut.|The new expansion card is being installed in the main computer.|Новая вставная плата устанавливается в системный блок.|Die neue Einsteckkarte wird in den Hauptrechner eingebaut.|eine Steckkarte installieren; Steckkarte für den Computer; elektronische Steckkarte|Often used in electronics and computer hardware (expansion cards) or historically in sorting and organizing systems (slotted cards).
stecken|Steckkissen|C2|179900|carrying cushion, infant receiving pillow|конверт для младенца, подушка-конверт|Tragekissen; Taufkissen|Das Baby schlief friedlich in seinem warmen Steckkissen.|The baby slept peacefully in its warm carrying cushion.|Младенец мирно спал в своем теплом конверте-подушке.|Das Baby schlief friedlich in seinem warmen Tragekissen.|ein weiches Steckkissen; das Baby ins Steckkissen legen; Steckkissen aus Baumwolle|A traditional, padded, sleeping-bag-like cushion for carrying newborn babies, common in German-speaking countries.
stecken|Steckkontakt|C2|141270|plug connection, plug-in contact|штепсельный контакт, разъем|Steckverbindung; Anschlusskontakt|Überprüfen Sie, ob der Steckkontakt richtig sitzt.|Check if the plug-in contact is properly seated.|Проверьте, правильно ли установлен штепсельный контакт.|Überprüfen Sie, ob die Steckverbindung richtig sitzt.|einen Steckkontakt lösen; loser Steckkontakt; elektrischer Steckkontakt|Used in electrical engineering and electronics to describe the physical connection point between plug components.
stecken|Steckling|C2|50278|cutting, slip (botany)|черенок (растения)|Ableger; Sprössling; Setzling|Aus diesem Steckling wird bald eine schöne Zimmerpflanze wachsen.|A beautiful houseplant will soon grow from this cutting.|Из этого черенка скоро вырастет красивое комнатное растение.|Aus diesem Ableger wird bald eine schöne Zimmerpflanze wachsen.|Stecklinge schneiden; Stecklinge einpflanzen; Stecklinge wurzeln lassen|A botanical term for a vegetative piece of a plant used for propagation. The suffix '-ling' often denotes small things or young living beings.
stecken|Steckmuschel|C2|192761|fan mussel, pen shell|благородная пинна|Pinna; Edle Steckmuschel|Die Steckmuschel ist eine der größten Muschelarten im Mittelmeer.|The fan mussel is one of the largest bivalve species in the Mediterranean.|Благородная пинна — один из крупнейших видов моллюсков в Средиземном море.|Die Pinna ist eine der größten Muschelarten im Mittelmeer.|geschützte Steckmuschel; die Steckmuschel lebt im Sand; riesige Steckmuschel|A large marine bivalve mollusc. It lives anchored vertically in the seabed, hence the name 'stecken' (to stick in) + 'Muschel' (mussel).
stecken|Stecknadel|C2|39777|pin, straight pin|булавка|Nadel; Heftnadel|Sie steckte den Stoff vor dem Nähen mit einer Stecknadel fest.|She pinned the fabric in place with a pin before sewing.|Перед шитьем она сколола ткань булавкой.|Sie steckte den Stoff vor dem Nähen mit einer Heftnadel fest.|eine Stecknadel im Heuhaufen suchen; Stecknadeln benutzen; bunten Stecknadeln|Famous in idioms like 'eine Stecknadel im Heuhaufen suchen' (to look for a needle in a haystack) or 'Man konnte eine Stecknadel fallen hören' (You could hear a pin drop).
stecken|Steckplatz|C2|49365|slot, expansion slot|слот расширения, разъем|Slot; Einbauplatz; Schnittstelle|Der Computer verfügt über einen freien Steckplatz für eine weitere Grafikkarte.|The computer has a free slot for another graphics card.|В компьютере есть свободный слот для еще одной видеокарты.|Der Computer verfügt über einen freien Slot für eine weitere Grafikkarte.|freier Steckplatz; Steckplatz belegen; Steckplatz für Arbeitsspeicher|Mostly used in computing and IT contexts to refer to physical interfaces inside a hardware chassis where expansion cards can be inserted.
stecken|Steckreis|C2|259001|cutting, scion (for grafting)|привой, черенок для прививки|Pfropfreis; Edelreis|Der Gärtner veredelte den Apfelbaum mit einem gesunden Steckreis.|The gardener grafted the apple tree with a healthy scion.|Садовник привил яблоню здоровым привоем.|Der Gärtner veredelte den Apfelbaum mit einem gesunden Edelreis.|ein Steckreis schneiden; Steckreis aufpfropfen; Obstbaum-Steckreis|An old botanical term (often replaced by 'Edelreis' or 'Pfropfreis') representing a small twig used in vegetative grafting of trees.
stecken|Steckrübe|C2|69696|swede, rutabaga|брюква|Kohlrübe; Wruke|Während der Hungersnot im Winter gab es oft nur Steckrüben zu essen.|During the winter famine, there was often only rutabaga to eat.|Во время зимнего голода часто приходилось есть только брюкву.|Während der Hungersnot im Winter gab es oft nur Kohlrüben zu essen.|Steckrüben kochen; Steckrübeneintopf zubereiten; nahrhafte Steckrübe|A root vegetable historically associated with times of hardship in Germany (e.g., 'Steckrübenwinter' 1916/17), but today appreciated as a traditional regional ingredient.
stecken|Steckschach|C2|223550|peg chess, travel chess set|дорожные шахматы|Reiseschach; Magnetschach|Im Zug spielten die beiden Freunde eine Partie Steckschach.|On the train, the two friends played a game of peg chess.|В поезде двое друзей сыграли партию в дорожные шахматы.|Im Zug spielten die beiden Freunde eine Partie Reiseschach.|eine Runde Steckschach spielen; tragbares Steckschach; Steckschach für unterwegs|A chess set where pieces have pegs (or pins) on the bottom to slot into holes on the board, preventing them from falling off during travel.
stecken|Steckschale|C2|206635|plug-in tray, floral foam bowl, modular dish|плошка для аранжировки цветов|Gesteckschale; Pflanzschale|Der Florist arrangierte die Blumen in einer flachen Steckschale.|The florist arranged the flowers in a shallow floral foam bowl.|Флорист расположил цветы в плоской плошке для аранжировки.|Der Florist arrangierte die Blumen in einer flachen Gesteckschale.|Steckschale für Blumen; Steckschale mit Steckschaum; dekorative Steckschale|Primarily used in floristry to hold floral arrangements, often containing foam ('Steckmoos' or 'Steckschwamm') to keep flower stems firmly in place.
stecken|Steckschloss|C2|258886|plug-in lock, push-button lock|замок-защелка|Schnappschloss; Einsteckschloss|Die Tasche ist mit einem praktischen Steckschloss gesichert.|The bag is secured with a practical push-button lock.|Сумка застегивается на удобный замок-защелку.|Die Tasche ist mit einem praktischen Schnappschloss gesichert.|Steckschloss aus Metall; Steckschloss an der Tasche; Steckschloss öffnen|Refers to a lock that fastens by inserting a plug or buckle mechanism, commonly found on bags, briefcases, or small equipment cabinets.
stecken|Steckschlüssel|C2|141005|socket wrench, nut driver|торцовый ключ|Nussschlüssel; Steckschlüsselsatz|Um die Muttern zu lösen, benötigt man einen passenden Steckschlüssel.|To loosen the nuts, you need a matching socket wrench.|Чтобы ослабить гайки, вам понадобится подходящий торцовый ключ.|Um die Muttern zu lösen, benötigt man einen passenden Nussschlüssel.|Steckschlüssel benutzen; Steckschlüssel-Satz kaufen; flexibler Steckschlüssel|A tool with a socket head that fits over a nut or bolt. Often sold as part of a set ('Steckschlüsselsatz' or 'Ratschenkasten').
stecken|Steckschuss|C2|241984|retained shot, blind gunshot wound|слепое огнестрельное ранение|Einschuss; Projektilrückstand|Der Soldat erlitt einen Steckschuss in der Schulter, die Kugel blieb stecken.|The soldier suffered a retained gunshot wound in the shoulder, the bullet remained inside.|Солдат получил слепое ранение в плечо, пуля осталась внутри.|Der Soldat erlitt eine Kugelverletzung ohne Ausschuss in der Schulter.|einen Steckschuss operieren; Steckschuss in der Brust; lebensgefährlicher Steckschuss|A medical and military term for a gunshot wound where the projectile enters the body but does not exit (as opposed to 'Durchschuss', where the bullet passes through).
stecken|Steckschwamm|C2|174070|floral foam, wet foam|флористическая губка|Steckschaum; Steckmoos; Oasis|Drücken Sie den Steckschwamm vorsichtig unter Wasser, damit er sich vollsaugt.|Gently press the floral foam under water so it gets fully saturated.|Осторожно погрузите флористическую губку под воду, чтобы она полностью пропиталась.|Drücken Sie den Steckschaum vorsichtig unter Wasser, damit er sich vollsaugt.|grüner Steckschwamm; Steckschwamm für Frischblumen; Steckschwamm zuschneiden|A dense, porous foam material used by florists to hold flower stems in arrangements. Often known by the genericized brand name 'Oasis'.
stecken|Steckschwert|C2|202750|daggerboard, drop-keel|выдвижной киль, шверт|Schwert; Steckkeil|Das Steckschwert verhindert, dass das kleine Boot seitlich abdriftet.|The daggerboard prevents the small boat from drifting sideways.|Выдвижной киль предотвращает боковой дрейф лодки.|Das Schwert verhindert, dass das kleine Boot seitlich abdriftet.|das Steckschwert einsetzen; Steckschwert für Jollen; hölzernes Steckschwert|A nautical term referring to a removable board (keel) pushed down through the hull of a small sailing boat to prevent leeway.
stecken|Stecktuch|C2|170709|pocket square, pocket handkerchief|нагрудный платок|Einstecktuch; Kavalierstuch|Ein elegantes Stecktuch gehört zu jedem formellen Anzug.|An elegant pocket square belongs to every formal suit.|Элегантный нагрудный платок — обязательный элемент любого строгого костюма.|Ein elegantes Einstecktuch gehört zu jedem formellen Anzug.|ein gefaltetes Stecktuch; Stecktuch in der Brusttasche; farbiges Stecktuch|Also frequently called 'Einstecktuch' or 'Kavalierstuch'. It is tucked into the breast pocket of a suit jacket or blazer for styling purposes.
stecken|Steckvase|C2|207229|grave vase, spike vase, plug-in vase|ваза со штырем для кладбища|Grabvase; Einsteckvase|Sie stellte die Rosen in eine Steckvase auf dem Grab.|She placed the roses in a spike vase on the grave.|Она поставила розы в вазу со штырем на могиле.|Sie stellte die Rosen in eine Grabvase auf dem Grab.|eine Steckvase in die Erde stecken; Steckvase aus Kunststoff; Steckvase für den Friedhof|A vase with a pointed spike at the bottom designed to be pushed directly into the soil or lawn, commonly used at cemeteries and outdoor memorial grounds.
stecken|Steckverbinder|C2|72227|plug connector, electrical connector|соединительный разъем, штекерный соединитель|Steckverbindung; Stecker|Dieser Steckverbinder sorgt für eine sichere Übertragung der Signale.|This plug connector ensures a secure transmission of the signals.|Этот соединительный разъем обеспечивает надежную передачу сигналов.|Diese Steckverbindung sorgt für eine sichere Übertragung der Signale.|hochwertiger Steckverbinder; Steckverbinder für Datenkabel; mehrpoliger Steckverbinder|A technical term in electrical and electronics engineering for any device used to couple or decouple electrical circuits.
stecken|Steckverbindung|C2|70101|plug connection, plug-in connector|разъёмное соединение|Steckkontakt; Kabelverbindung|Der Steckkontakt zwischen den Kabeln hat sich gelöst.|The plug connection between the cables has come loose.|Разъёмное соединение между кабелями разошлось.|Die Steckverbindung zwischen den Kabeln hat sich gelöst.|eine stabile Steckverbindung; Steckverbindung lösen; wasserdichte Steckverbindung|A feminine noun. It refers to the overall joint or interface created by mating male and female plug components.
stecken|Steckvorrichtung|C2|165421|socket device, plug assembly, coupling device|штепсельное устройство, штепсельная розетка в сборе|Steckverbindung; Steckdose|Die wasserdichte Steckvorrichtung ist ideal für den Außenbereich.|The waterproof plug assembly is ideal for outdoor use.|Водонепроницаемое штепсельное устройство идеально подходит для использования на улице.|Die wasserdichte Steckverbindung ist ideal für den Außenbereich.|industrielle Steckvorrichtung; Steckvorrichtung nach DIN-Norm; elektrische Steckvorrichtung|A formal and technical term for the complete electrical coupling assembly, containing both sockets and plugs or similar connection interfaces.
stecken|Steckzigarette|C2|156798|roll-your-own tobacco stick, make-your-own cigarette|гильза с табаком, сигарета для забивки|Stopfzigarette; Hülsenzigarette|Viele Raucher nutzen Steckzigaretten, um Geld zu sparen.|Many smokers use roll-your-own tobacco sticks to save money.|Многие курильщики используют сигаретные гильзы для набивки, чтобы сэкономить деньги.|Viele Raucher nutzen Stopfzigaretten, um Geld zu sparen.|Steckzigaretten stopfen; Tabak für Steckzigaretten; Steckzigaretten selber machen|Refers to a DIY cigarette prep method where pre-cut tobacco plugs are pushed ('gesteckt') into empty pre-made cigarette filter tubes.
stecken|Steckzwiebel|C2|131419|onion set, shallot bulb|лук-севок|Setzzwiebel; Pflanzzwiebel|Im Frühjahr pflanzen wir Steckzwiebeln im Garten an.|In spring, we plant onion sets in the garden.|Весной мы сажаем лук-севок в огороде.|Im Frühjahr pflanzen wir Setzzwiebeln im Garten an.|Steckzwiebeln setzen; Steckzwiebeln im Beet; Steckzwiebeln keimen lassen|A small, immature onion bulb planted in spring to grow into a mature, edible onion. Derived from 'stecken' (here meaning to plant/stick into the ground) and 'Zwiebel'.
