exercise_id,type,word_base,word,word_level,word_freq,question,correct_answer,accepted_answers,option_1,option_2,option_3,option_4,sentence_example,sentence_example_translation_en,sentence_example_translation_ru,extra,explanation
weisen_001,multiple_choice_de_en,weisen,weisen,B1,807,Как переводится немецкое слово «weisen» на английский?,"to point, show","to point, show",to identify; expel,to refer; expel,"to point, show",to reject,Alle Schilder weisen nach links.,All signs point to the left.,Все указатели указывают налево.,,Выберите английский перевод слова.
weisen_002,multiple_choice_ru_de,weisen,weisen,B1,807,"Как будет по-немецки: «указывать, показывать»?",weisen,weisen,beweisen,ausweisen,weisen,aufweisen,Alle Schilder weisen nach links.,All signs point to the left.,Все указатели указывают налево.,,Выберите немецкое слово по русскому переводу.
weisen_003,multiple_choice_synonym,weisen,weisen,B1,807,Выберите немецкий синоним или близкое по смыслу слово для «weisen».,zeigen,zeigen|hindeuten,besitzen,identifizieren,aufmerksam machen,zeigen,Alle Schilder weisen nach links.,All signs point to the left.,Все указатели указывают налево.,,Синонимы могут зависеть от контекста; здесь используется значение из примера.
weisen_004,sentence_translation_de_en,weisen,weisen,B1,807,Переведите предложение на английский: «Alle Schilder weisen nach links.»,All signs point to the left.,All signs point to the left.,,,,,Alle Schilder weisen nach links.,All signs point to the left.,Все указатели указывают налево.,,Открытый перевод предложения.
weisen_005,sentence_translation_de_ru,weisen,weisen,B1,807,Переведите предложение на русский: «Alle Schilder weisen nach links.»,Все указатели указывают налево.,Все указатели указывают налево.,,,,,Alle Schilder weisen nach links.,All signs point to the left.,Все указатели указывают налево.,,Открытый перевод предложения.
weisen_006,sentence_order,weisen,weisen,B1,807,Соберите немецкое предложение из слов.,Alle Schilder weisen nach links.,Alle Schilder weisen nach links.,,,,,Alle Schilder weisen nach links.,All signs point to the left.,Все указатели указывают налево.,weisen | Schilder | Alle | nach | links.,Поле extra содержит слова в перемешанном порядке.
weisen_007,multiple_choice_sentence_paraphrase,weisen,weisen,B1,807,Выберите перефразированное предложение для: «Alle Schilder weisen nach links.»,Alle Schilder zeigen nach links.,Alle Schilder zeigen nach links.,Alle Schilder zeigen nach links.,Das Gericht lehnte die Klage ab.,Er kann alles belegen.,Der Arzt nimmt ihn auf.,Alle Schilder weisen nach links.,All signs point to the left.,Все указатели указывают налево.,,Правильный вариант передаёт тот же смысл другими словами или синонимом.
weisen_008,multiple_choice_de_en,weisen,abweisen,B2,4853,Как переводится немецкое слово «abweisen» на английский?,to reject,to reject,to prove,to present,to reject,to prove; show,Das Gericht wies die Klage ab.,The court rejected the lawsuit.,Суд отклонил иск.,,Выберите английский перевод слова.
weisen_009,multiple_choice_ru_de,weisen,abweisen,B2,4853,Как будет по-немецки: «отклонять»?,abweisen,abweisen,abweisen,vorweisen,verweisen,ausweisen,Das Gericht wies die Klage ab.,The court rejected the lawsuit.,Суд отклонил иск.,,Выберите немецкое слово по русскому переводу.
weisen_010,multiple_choice_synonym,weisen,abweisen,B2,4853,Выберите немецкий синоним или близкое по смыслу слово для «abweisen».,zurückweisen,zurückweisen|ablehnen,zuteilen,transferieren,beauftragen,zurückweisen,Das Gericht wies die Klage ab.,The court rejected the lawsuit.,Суд отклонил иск.,,Синонимы могут зависеть от контекста; здесь используется значение из примера.
weisen_011,sentence_translation_de_en,weisen,abweisen,B2,4853,Переведите предложение на английский: «Das Gericht wies die Klage ab.»,The court rejected the lawsuit.,The court rejected the lawsuit.,,,,,Das Gericht wies die Klage ab.,The court rejected the lawsuit.,Суд отклонил иск.,,Открытый перевод предложения.
weisen_012,sentence_translation_de_ru,weisen,abweisen,B2,4853,Переведите предложение на русский: «Das Gericht wies die Klage ab.»,Суд отклонил иск.,Суд отклонил иск.,,,,,Das Gericht wies die Klage ab.,The court rejected the lawsuit.,Суд отклонил иск.,,Открытый перевод предложения.
weisen_013,sentence_order,weisen,abweisen,B2,4853,Соберите немецкое предложение из слов.,Das Gericht wies die Klage ab.,Das Gericht wies die Klage ab.,,,,,Das Gericht wies die Klage ab.,The court rejected the lawsuit.,Суд отклонил иск.,Gericht | Das | die | ab. | wies | Klage,Поле extra содержит слова в перемешанном порядке.
weisen_014,multiple_choice_sentence_paraphrase,weisen,abweisen,B2,4853,Выберите перефразированное предложение для: «Das Gericht wies die Klage ab.»,Das Gericht lehnte die Klage ab.,Das Gericht lehnte die Klage ab.,Das Haus hat Mängel.,Sie macht auf den Fehler aufmerksam.,Das Gericht lehnte die Klage ab.,Der Chef beauftragt das Team.,Das Gericht wies die Klage ab.,The court rejected the lawsuit.,Суд отклонил иск.,,Правильный вариант передаёт тот же смысл другими словами или синонимом.
weisen_015,word_family_base,weisen,abweisen,B2,4853,От какого базового слова образовано «abweisen»?,weisen,weisen,weisen,anweisen,verweisen,erweisen,Das Gericht wies die Klage ab.,The court rejected the lawsuit.,Суд отклонил иск.,,Упражнение на словообразование.
weisen_016,multiple_choice_de_en,weisen,anweisen,B2,3358,Как переводится немецкое слово «anweisen» на английский?,to instruct; transfer,to instruct; transfer,to instruct; transfer,to reprimand,to refer; expel,to admit; instruct,Der Chef weist das Team an.,The boss instructs the team.,Начальник инструктирует команду.,,Выберите английский перевод слова.
weisen_017,multiple_choice_ru_de,weisen,anweisen,B2,3358,Как будет по-немецки: «инструктировать; перечислять»?,anweisen,anweisen,anweisen,einweisen,hinweisen,aufweisen,Der Chef weist das Team an.,The boss instructs the team.,Начальник инструктирует команду.,,Выберите немецкое слово по русскому переводу.
weisen_018,multiple_choice_synonym,weisen,anweisen,B2,3358,Выберите немецкий синоним или близкое по смыслу слово для «anweisen».,beauftragen,beauftragen|anordnen,transferieren,hinweisen,beauftragen,belegen,Der Chef weist das Team an.,The boss instructs the team.,Начальник инструктирует команду.,,Синонимы могут зависеть от контекста; здесь используется значение из примера.
weisen_019,sentence_translation_de_en,weisen,anweisen,B2,3358,Переведите предложение на английский: «Der Chef weist das Team an.»,The boss instructs the team.,The boss instructs the team.,,,,,Der Chef weist das Team an.,The boss instructs the team.,Начальник инструктирует команду.,,Открытый перевод предложения.
weisen_020,sentence_translation_de_ru,weisen,anweisen,B2,3358,Переведите предложение на русский: «Der Chef weist das Team an.»,Начальник инструктирует команду.,Начальник инструктирует команду.,,,,,Der Chef weist das Team an.,The boss instructs the team.,Начальник инструктирует команду.,,Открытый перевод предложения.
weisen_021,sentence_order,weisen,anweisen,B2,3358,Соберите немецкое предложение из слов.,Der Chef weist das Team an.,Der Chef weist das Team an.,,,,,Der Chef weist das Team an.,The boss instructs the team.,Начальник инструктирует команду.,Team | an. | Chef | das | weist | Der,Поле extra содержит слова в перемешанном порядке.
weisen_022,multiple_choice_sentence_paraphrase,weisen,anweisen,B2,3358,Выберите перефразированное предложение для: «Der Chef weist das Team an.»,Der Chef beauftragt das Team.,Der Chef beauftragt das Team.,Der Chef beauftragt das Team.,Sie schult die neuen Mitarbeiter.,Er zeigte sich als ehrlich.,Er lehnte den Vorschlag ab.,Der Chef weist das Team an.,The boss instructs the team.,Начальник инструктирует команду.,,Правильный вариант передаёт тот же смысл другими словами или синонимом.
weisen_023,word_family_base,weisen,anweisen,B2,3358,От какого базового слова образовано «anweisen»?,weisen,weisen,weisen,überweisen,erweisen,aufweisen,Der Chef weist das Team an.,The boss instructs the team.,Начальник инструктирует команду.,,Упражнение на словообразование.
weisen_024,multiple_choice_de_en,weisen,aufweisen,B2,3557,Как переводится немецкое слово «aufweisen» на английский?,to exhibit,to exhibit,to present,to admit; instruct,to exhibit,signpost,Das Haus weist Mängel auf.,The house has defects.,У дома есть недостатки.,,Выберите английский перевод слова.
weisen_025,multiple_choice_ru_de,weisen,aufweisen,B2,3557,"Как будет по-немецки: «обладать, иметь»?",aufweisen,aufweisen,ausweisen,aufweisen,abweisen,anweisen,Das Haus weist Mängel auf.,The house has defects.,У дома есть недостатки.,,Выберите немецкое слово по русскому переводу.
weisen_026,multiple_choice_synonym,weisen,aufweisen,B2,3557,Выберите немецкий синоним или близкое по смыслу слово для «aufweisen».,besitzen,besitzen|zeigen,besitzen,Anordnung,beauftragen,aufmerksam machen,Das Haus weist Mängel auf.,The house has defects.,У дома есть недостатки.,,Синонимы могут зависеть от контекста; здесь используется значение из примера.
weisen_027,sentence_translation_de_en,weisen,aufweisen,B2,3557,Переведите предложение на английский: «Das Haus weist Mängel auf.»,The house has defects.,The house has defects.,,,,,Das Haus weist Mängel auf.,The house has defects.,У дома есть недостатки.,,Открытый перевод предложения.
weisen_028,sentence_translation_de_ru,weisen,aufweisen,B2,3557,Переведите предложение на русский: «Das Haus weist Mängel auf.»,У дома есть недостатки.,У дома есть недостатки.,,,,,Das Haus weist Mängel auf.,The house has defects.,У дома есть недостатки.,,Открытый перевод предложения.
weisen_029,sentence_order,weisen,aufweisen,B2,3557,Соберите немецкое предложение из слов.,Das Haus weist Mängel auf.,Das Haus weist Mängel auf.,,,,,Das Haus weist Mängel auf.,The house has defects.,У дома есть недостатки.,Haus | Das | Mängel | weist | auf.,Поле extra содержит слова в перемешанном порядке.
weisen_030,multiple_choice_sentence_paraphrase,weisen,aufweisen,B2,3557,Выберите перефразированное предложение для: «Das Haus weist Mängel auf.»,Das Haus hat Mängel.,Das Haus hat Mängel.,Sie schult die neuen Mitarbeiter.,Er kann alles belegen.,Bitte zeigen Sie Ihren Ausweis.,Das Haus hat Mängel.,Das Haus weist Mängel auf.,The house has defects.,У дома есть недостатки.,,Правильный вариант передаёт тот же смысл другими словами или синонимом.
weisen_031,word_family_base,weisen,aufweisen,B2,3557,От какого базового слова образовано «aufweisen»?,weisen,weisen,ausweisen,weisen,Wegweiser,zurechtweisen,Das Haus weist Mängel auf.,The house has defects.,У дома есть недостатки.,,Упражнение на словообразование.
weisen_032,multiple_choice_de_en,weisen,ausweisen,B2,4564,Как переводится немецкое слово «ausweisen» на английский?,to identify; expel,to identify; expel,to reprimand,to identify; expel,signpost,to exhibit,Bitte weisen Sie sich aus.,Please identify yourself.,"Пожалуйста, предъявите удостоверение.",,Выберите английский перевод слова.
weisen_033,multiple_choice_ru_de,weisen,ausweisen,B2,4564,Как будет по-немецки: «удостоверять; высылать»?,ausweisen,ausweisen,einweisen,beweisen,verweisen,ausweisen,Bitte weisen Sie sich aus.,Please identify yourself.,"Пожалуйста, предъявите удостоверение.",,Выберите немецкое слово по русскому переводу.
weisen_034,multiple_choice_synonym,weisen,ausweisen,B2,4564,Выберите немецкий синоним или близкое по смыслу слово для «ausweisen».,identifizieren,identifizieren,zurückweisen,identifizieren,tadeln,zeigen,Bitte weisen Sie sich aus.,Please identify yourself.,"Пожалуйста, предъявите удостоверение.",,Синонимы могут зависеть от контекста; здесь используется значение из примера.
weisen_035,sentence_translation_de_en,weisen,ausweisen,B2,4564,Переведите предложение на английский: «Bitte weisen Sie sich aus.»,Please identify yourself.,Please identify yourself.,,,,,Bitte weisen Sie sich aus.,Please identify yourself.,"Пожалуйста, предъявите удостоверение.",,Открытый перевод предложения.
weisen_036,sentence_translation_de_ru,weisen,ausweisen,B2,4564,Переведите предложение на русский: «Bitte weisen Sie sich aus.»,"Пожалуйста, предъявите удостоверение.","Пожалуйста, предъявите удостоверение.",,,,,Bitte weisen Sie sich aus.,Please identify yourself.,"Пожалуйста, предъявите удостоверение.",,Открытый перевод предложения.
weisen_037,sentence_order,weisen,ausweisen,B2,4564,Соберите немецкое предложение из слов.,Bitte weisen Sie sich aus.,Bitte weisen Sie sich aus.,,,,,Bitte weisen Sie sich aus.,Please identify yourself.,"Пожалуйста, предъявите удостоверение.",sich | aus. | Sie | weisen | Bitte,Поле extra содержит слова в перемешанном порядке.
weisen_038,multiple_choice_sentence_paraphrase,weisen,ausweisen,B2,4564,Выберите перефразированное предложение для: «Bitte weisen Sie sich aus.»,Bitte zeigen Sie Ihren Ausweis.,Bitte zeigen Sie Ihren Ausweis.,Man teilt ihr ein Büro zu.,Er lehnte den Vorschlag ab.,Bitte zeigen Sie Ihren Ausweis.,Der Chef beauftragt das Team.,Bitte weisen Sie sich aus.,Please identify yourself.,"Пожалуйста, предъявите удостоверение.",,Правильный вариант передаёт тот же смысл другими словами или синонимом.
weisen_039,word_family_base,weisen,ausweisen,B2,4564,От какого базового слова образовано «ausweisen»?,weisen,weisen,überweisen,ausweisen,weisen,erweisen,Bitte weisen Sie sich aus.,Please identify yourself.,"Пожалуйста, предъявите удостоверение.",,Упражнение на словообразование.
weisen_040,multiple_choice_de_en,weisen,beweisen,B2,1363,Как переводится немецкое слово «beweisen» на английский?,to prove,to prove,to prove,to instruct,to transfer,to present,Sie beweist ihre Theorie.,She proves her theory.,Она доказывает свою теорию.,,Выберите английский перевод слова.
weisen_041,multiple_choice_ru_de,weisen,beweisen,B2,1363,Как будет по-немецки: «доказывать»?,beweisen,beweisen,hinweisen,zurechtweisen,aufweisen,beweisen,Sie beweist ihre Theorie.,She proves her theory.,Она доказывает свою теорию.,,Выберите немецкое слово по русскому переводу.
weisen_042,multiple_choice_synonym,weisen,beweisen,B2,1363,Выберите немецкий синоним или близкое по смыслу слово для «beweisen».,nachweisen,nachweisen,belegen,zeigen,abweisen,nachweisen,Sie beweist ihre Theorie.,She proves her theory.,Она доказывает свою теорию.,,Синонимы могут зависеть от контекста; здесь используется значение из примера.
weisen_043,sentence_translation_de_en,weisen,beweisen,B2,1363,Переведите предложение на английский: «Sie beweist ihre Theorie.»,She proves her theory.,She proves her theory.,,,,,Sie beweist ihre Theorie.,She proves her theory.,Она доказывает свою теорию.,,Открытый перевод предложения.
weisen_044,sentence_translation_de_ru,weisen,beweisen,B2,1363,Переведите предложение на русский: «Sie beweist ihre Theorie.»,Она доказывает свою теорию.,Она доказывает свою теорию.,,,,,Sie beweist ihre Theorie.,She proves her theory.,Она доказывает свою теорию.,,Открытый перевод предложения.
weisen_045,sentence_order,weisen,beweisen,B2,1363,Соберите немецкое предложение из слов.,Sie beweist ihre Theorie.,Sie beweist ihre Theorie.,,,,,Sie beweist ihre Theorie.,She proves her theory.,Она доказывает свою теорию.,Theorie. | ihre | Sie | beweist,Поле extra содержит слова в перемешанном порядке.
weisen_046,multiple_choice_sentence_paraphrase,weisen,beweisen,B2,1363,Выберите перефразированное предложение для: «Sie beweist ihre Theorie.»,Sie weist ihre Theorie nach.,Sie weist ihre Theorie nach.,Sie weist ihre Theorie nach.,Sie schult die neuen Mitarbeiter.,Sie macht auf den Fehler aufmerksam.,Der Chef beauftragt das Team.,Sie beweist ihre Theorie.,She proves her theory.,Она доказывает свою теорию.,,Правильный вариант передаёт тот же смысл другими словами или синонимом.
weisen_047,word_family_base,weisen,beweisen,B2,1363,От какого базового слова образовано «beweisen»?,weisen,weisen,weisen,aufweisen,zurückweisen,beweisen,Sie beweist ihre Theorie.,She proves her theory.,Она доказывает свою теорию.,,Упражнение на словообразование.
weisen_048,multiple_choice_de_en,weisen,einweisen,C1,16501,Как переводится немецкое слово «einweisen» на английский?,to admit; instruct,to admit; instruct,to admit; instruct,to exhibit,to prove; show,to reject,Der Arzt weist ihn ein.,The doctor admits him.,Врач госпитализирует его.,,Выберите английский перевод слова.
weisen_049,multiple_choice_ru_de,weisen,einweisen,C1,16501,Как будет по-немецки: «госпитализировать; вводить в курс»?,einweisen,einweisen,Weisung,Wegweiser,abweisen,einweisen,Der Arzt weist ihn ein.,The doctor admits him.,Врач госпитализирует его.,,Выберите немецкое слово по русскому переводу.
weisen_050,multiple_choice_synonym,weisen,einweisen,C1,16501,Выберите немецкий синоним или близкое по смыслу слово для «einweisen».,aufnehmen,aufnehmen|informieren,besitzen,tadeln,aufnehmen,hinweisen,Der Arzt weist ihn ein.,The doctor admits him.,Врач госпитализирует его.,,Синонимы могут зависеть от контекста; здесь используется значение из примера.
weisen_051,sentence_translation_de_en,weisen,einweisen,C1,16501,Переведите предложение на английский: «Der Arzt weist ihn ein.»,The doctor admits him.,The doctor admits him.,,,,,Der Arzt weist ihn ein.,The doctor admits him.,Врач госпитализирует его.,,Открытый перевод предложения.
weisen_052,sentence_translation_de_ru,weisen,einweisen,C1,16501,Переведите предложение на русский: «Der Arzt weist ihn ein.»,Врач госпитализирует его.,Врач госпитализирует его.,,,,,Der Arzt weist ihn ein.,The doctor admits him.,Врач госпитализирует его.,,Открытый перевод предложения.
weisen_053,sentence_order,weisen,einweisen,C1,16501,Соберите немецкое предложение из слов.,Der Arzt weist ihn ein.,Der Arzt weist ihn ein.,,,,,Der Arzt weist ihn ein.,The doctor admits him.,Врач госпитализирует его.,weist | ein. | Der | ihn | Arzt,Поле extra содержит слова в перемешанном порядке.
weisen_054,multiple_choice_sentence_paraphrase,weisen,einweisen,C1,16501,Выберите перефразированное предложение для: «Der Arzt weist ihn ein.»,Der Arzt nimmt ihn auf.,Der Arzt nimmt ihn auf.,Ich folge deiner Anordnung.,Der Arzt nimmt ihn auf.,Sie macht auf den Fehler aufmerksam.,Der Chef beauftragt das Team.,Der Arzt weist ihn ein.,The doctor admits him.,Врач госпитализирует его.,,Правильный вариант передаёт тот же смысл другими словами или синонимом.
weisen_055,word_family_base,weisen,einweisen,C1,16501,От какого базового слова образовано «einweisen»?,weisen,weisen,Wegweiser,abweisen,weisen,Weisung,Der Arzt weist ihn ein.,The doctor admits him.,Врач госпитализирует его.,,Упражнение на словообразование.
weisen_056,multiple_choice_de_en,weisen,erweisen,B1,2012,Как переводится немецкое слово «erweisen» на английский?,to prove; show,to prove; show,to assign,to reprimand,to prove; show,to exhibit,Er erwies sich als ehrlich.,He proved to be honest.,Он оказался честным.,,Выберите английский перевод слова.
weisen_057,multiple_choice_ru_de,weisen,erweisen,B1,2012,Как будет по-немецки: «оказываться; проявлять»?,erweisen,erweisen,erweisen,zurückweisen,vorweisen,weisen,Er erwies sich als ehrlich.,He proved to be honest.,Он оказался честным.,,Выберите немецкое слово по русскому переводу.
weisen_058,multiple_choice_synonym,weisen,erweisen,B1,2012,Выберите немецкий синоним или близкое по смыслу слово для «erweisen».,zeigen,zeigen,tadeln,zeigen,besitzen,Anordnung,Er erwies sich als ehrlich.,He proved to be honest.,Он оказался честным.,,Синонимы могут зависеть от контекста; здесь используется значение из примера.
weisen_059,sentence_translation_de_en,weisen,erweisen,B1,2012,Переведите предложение на английский: «Er erwies sich als ehrlich.»,He proved to be honest.,He proved to be honest.,,,,,Er erwies sich als ehrlich.,He proved to be honest.,Он оказался честным.,,Открытый перевод предложения.
weisen_060,sentence_translation_de_ru,weisen,erweisen,B1,2012,Переведите предложение на русский: «Er erwies sich als ehrlich.»,Он оказался честным.,Он оказался честным.,,,,,Er erwies sich als ehrlich.,He proved to be honest.,Он оказался честным.,,Открытый перевод предложения.
weisen_061,sentence_order,weisen,erweisen,B1,2012,Соберите немецкое предложение из слов.,Er erwies sich als ehrlich.,Er erwies sich als ehrlich.,,,,,Er erwies sich als ehrlich.,He proved to be honest.,Он оказался честным.,als | erwies | sich | ehrlich. | Er,Поле extra содержит слова в перемешанном порядке.
weisen_062,multiple_choice_sentence_paraphrase,weisen,erweisen,B1,2012,Выберите перефразированное предложение для: «Er erwies sich als ehrlich.»,Er zeigte sich als ehrlich.,Er zeigte sich als ehrlich.,Man teilt ihr ein Büro zu.,Er lehnte den Vorschlag ab.,Er zeigte sich als ehrlich.,Das Gericht lehnte die Klage ab.,Er erwies sich als ehrlich.,He proved to be honest.,Он оказался честным.,,Правильный вариант передаёт тот же смысл другими словами или синонимом.
weisen_063,word_family_base,weisen,erweisen,B1,2012,От какого базового слова образовано «erweisen»?,weisen,weisen,abweisen,weisen,zuweisen,ausweisen,Er erwies sich als ehrlich.,He proved to be honest.,Он оказался честным.,,Упражнение на словообразование.
weisen_064,multiple_choice_de_en,weisen,hinweisen,B2,2051,Как переводится немецкое слово «hinweisen» на английский?,to point out,to point out,to transfer,to reject,to prove; show,to point out,Sie weist auf den Fehler hin.,She points out the mistake.,Она указывает на ошибку.,,Выберите английский перевод слова.
weisen_065,multiple_choice_ru_de,weisen,hinweisen,B2,2051,Как будет по-немецки: «указывать на»?,hinweisen,hinweisen,hinweisen,einweisen,unterweisen,nachweisen,Sie weist auf den Fehler hin.,She points out the mistake.,Она указывает на ошибку.,,Выберите немецкое слово по русскому переводу.
weisen_066,multiple_choice_synonym,weisen,hinweisen,B2,2051,Выберите немецкий синоним или близкое по смыслу слово для «hinweisen».,aufmerksam machen,aufmerksam machen,identifizieren,belegen,aufmerksam machen,schulen,Sie weist auf den Fehler hin.,She points out the mistake.,Она указывает на ошибку.,,Синонимы могут зависеть от контекста; здесь используется значение из примера.
weisen_067,sentence_translation_de_en,weisen,hinweisen,B2,2051,Переведите предложение на английский: «Sie weist auf den Fehler hin.»,She points out the mistake.,She points out the mistake.,,,,,Sie weist auf den Fehler hin.,She points out the mistake.,Она указывает на ошибку.,,Открытый перевод предложения.
weisen_068,sentence_translation_de_ru,weisen,hinweisen,B2,2051,Переведите предложение на русский: «Sie weist auf den Fehler hin.»,Она указывает на ошибку.,Она указывает на ошибку.,,,,,Sie weist auf den Fehler hin.,She points out the mistake.,Она указывает на ошибку.,,Открытый перевод предложения.
weisen_069,sentence_order,weisen,hinweisen,B2,2051,Соберите немецкое предложение из слов.,Sie weist auf den Fehler hin.,Sie weist auf den Fehler hin.,,,,,Sie weist auf den Fehler hin.,She points out the mistake.,Она указывает на ошибку.,weist | auf | hin. | Sie | Fehler | den,Поле extra содержит слова в перемешанном порядке.
weisen_070,multiple_choice_sentence_paraphrase,weisen,hinweisen,B2,2051,Выберите перефразированное предложение для: «Sie weist auf den Fehler hin.»,Sie macht auf den Fehler aufmerksam.,Sie macht auf den Fehler aufmerksam.,Die Lehrerin tadelt ihn.,Bitte zeigen Sie Ihren Ausweis.,Sie macht auf den Fehler aufmerksam.,Er kann alles belegen.,Sie weist auf den Fehler hin.,She points out the mistake.,Она указывает на ошибку.,,Правильный вариант передаёт тот же смысл другими словами или синонимом.
weisen_071,word_family_base,weisen,hinweisen,B2,2051,От какого базового слова образовано «hinweisen»?,weisen,weisen,weisen,unterweisen,hinweisen,ausweisen,Sie weist auf den Fehler hin.,She points out the mistake.,Она указывает на ошибку.,,Упражнение на словообразование.
weisen_072,multiple_choice_de_en,weisen,nachweisen,B2,3139,Как переводится немецкое слово «nachweisen» на английский?,to verify,to verify,to reprimand,to verify,to instruct,"to point, show",Er kann alles nachweisen.,He can verify everything.,Он может всё подтвердить.,,Выберите английский перевод слова.
weisen_073,multiple_choice_ru_de,weisen,nachweisen,B2,3139,Как будет по-немецки: «подтверждать»?,nachweisen,nachweisen,ausweisen,aufweisen,hinweisen,nachweisen,Er kann alles nachweisen.,He can verify everything.,Он может всё подтвердить.,,Выберите немецкое слово по русскому переводу.
weisen_074,multiple_choice_synonym,weisen,nachweisen,B2,3139,Выберите немецкий синоним или близкое по смыслу слово для «nachweisen».,belegen,belegen|beweisen,belegen,tadeln,schulen,transferieren,Er kann alles nachweisen.,He can verify everything.,Он может всё подтвердить.,,Синонимы могут зависеть от контекста; здесь используется значение из примера.
weisen_075,sentence_translation_de_en,weisen,nachweisen,B2,3139,Переведите предложение на английский: «Er kann alles nachweisen.»,He can verify everything.,He can verify everything.,,,,,Er kann alles nachweisen.,He can verify everything.,Он может всё подтвердить.,,Открытый перевод предложения.
weisen_076,sentence_translation_de_ru,weisen,nachweisen,B2,3139,Переведите предложение на русский: «Er kann alles nachweisen.»,Он может всё подтвердить.,Он может всё подтвердить.,,,,,Er kann alles nachweisen.,He can verify everything.,Он может всё подтвердить.,,Открытый перевод предложения.
weisen_077,sentence_order,weisen,nachweisen,B2,3139,Соберите немецкое предложение из слов.,Er kann alles nachweisen.,Er kann alles nachweisen.,,,,,Er kann alles nachweisen.,He can verify everything.,Он может всё подтвердить.,Er | nachweisen. | alles | kann,Поле extra содержит слова в перемешанном порядке.
weisen_078,multiple_choice_sentence_paraphrase,weisen,nachweisen,B2,3139,Выберите перефразированное предложение для: «Er kann alles nachweisen.»,Er kann alles belegen.,Er kann alles belegen.,Man teilt ihr ein Büro zu.,Die Lehrerin tadelt ihn.,Sie macht auf den Fehler aufmerksam.,Er kann alles belegen.,Er kann alles nachweisen.,He can verify everything.,Он может всё подтвердить.,,Правильный вариант передаёт тот же смысл другими словами или синонимом.
weisen_079,word_family_base,weisen,nachweisen,B2,3139,От какого базового слова образовано «nachweisen»?,weisen,weisen,Wegweiser,erweisen,weisen,Weisung,Er kann alles nachweisen.,He can verify everything.,Он может всё подтвердить.,,Упражнение на словообразование.
weisen_080,multiple_choice_de_en,weisen,überweisen,B2,5326,Как переводится немецкое слово «überweisen» на английский?,to transfer,to transfer,to prove,to transfer,instruction,to point out,Ich überweise das Geld heute.,I will transfer the money today.,Я переведу деньги сегодня.,,Выберите английский перевод слова.
weisen_081,multiple_choice_ru_de,weisen,überweisen,B2,5326,Как будет по-немецки: «переводить (деньги)»?,überweisen,überweisen,anweisen,ausweisen,aufweisen,überweisen,Ich überweise das Geld heute.,I will transfer the money today.,Я переведу деньги сегодня.,,Выберите немецкое слово по русскому переводу.
weisen_082,multiple_choice_synonym,weisen,überweisen,B2,5326,Выберите немецкий синоним или близкое по смыслу слово для «überweisen».,transferieren,transferieren,zeigen,transferieren,Anordnung,identifizieren,Ich überweise das Geld heute.,I will transfer the money today.,Я переведу деньги сегодня.,,Синонимы могут зависеть от контекста; здесь используется значение из примера.
weisen_083,sentence_translation_de_en,weisen,überweisen,B2,5326,Переведите предложение на английский: «Ich überweise das Geld heute.»,I will transfer the money today.,I will transfer the money today.,,,,,Ich überweise das Geld heute.,I will transfer the money today.,Я переведу деньги сегодня.,,Открытый перевод предложения.
weisen_084,sentence_translation_de_ru,weisen,überweisen,B2,5326,Переведите предложение на русский: «Ich überweise das Geld heute.»,Я переведу деньги сегодня.,Я переведу деньги сегодня.,,,,,Ich überweise das Geld heute.,I will transfer the money today.,Я переведу деньги сегодня.,,Открытый перевод предложения.
weisen_085,sentence_order,weisen,überweisen,B2,5326,Соберите немецкое предложение из слов.,Ich überweise das Geld heute.,Ich überweise das Geld heute.,,,,,Ich überweise das Geld heute.,I will transfer the money today.,Я переведу деньги сегодня.,Geld | Ich | heute. | überweise | das,Поле extra содержит слова в перемешанном порядке.
weisen_086,multiple_choice_sentence_paraphrase,weisen,überweisen,B2,5326,Выберите перефразированное предложение для: «Ich überweise das Geld heute.»,Ich transferiere das Geld heute.,Ich transferiere das Geld heute.,Das Schild steht am Eingang.,Der Lehrer schickte ihn aus dem Raum.,Ich transferiere das Geld heute.,Das Haus hat Mängel.,Ich überweise das Geld heute.,I will transfer the money today.,Я переведу деньги сегодня.,,Правильный вариант передаёт тот же смысл другими словами или синонимом.
weisen_087,word_family_base,weisen,überweisen,B2,5326,От какого базового слова образовано «überweisen»?,weisen,weisen,weisen,Wegweiser,vorweisen,ausweisen,Ich überweise das Geld heute.,I will transfer the money today.,Я переведу деньги сегодня.,,Упражнение на словообразование.
weisen_088,multiple_choice_de_en,weisen,unterweisen,C2,45322,Как переводится немецкое слово «unterweisen» на английский?,to instruct,to instruct,to identify; expel,to instruct,to prove; show,signpost,Sie unterweist die neuen Mitarbeiter.,She instructs the new employees.,Она обучает новых сотрудников.,,Выберите английский перевод слова.
weisen_089,multiple_choice_ru_de,weisen,unterweisen,C2,45322,"Как будет по-немецки: «обучать, инструктировать»?",unterweisen,unterweisen,abweisen,zuweisen,unterweisen,vorweisen,Sie unterweist die neuen Mitarbeiter.,She instructs the new employees.,Она обучает новых сотрудников.,,Выберите немецкое слово по русскому переводу.
weisen_090,multiple_choice_synonym,weisen,unterweisen,C2,45322,Выберите немецкий синоним или близкое по смыслу слово для «unterweisen».,schulen,schulen,Anordnung,transferieren,schulen,präsentieren,Sie unterweist die neuen Mitarbeiter.,She instructs the new employees.,Она обучает новых сотрудников.,,Синонимы могут зависеть от контекста; здесь используется значение из примера.
weisen_091,sentence_translation_de_en,weisen,unterweisen,C2,45322,Переведите предложение на английский: «Sie unterweist die neuen Mitarbeiter.»,She instructs the new employees.,She instructs the new employees.,,,,,Sie unterweist die neuen Mitarbeiter.,She instructs the new employees.,Она обучает новых сотрудников.,,Открытый перевод предложения.
weisen_092,sentence_translation_de_ru,weisen,unterweisen,C2,45322,Переведите предложение на русский: «Sie unterweist die neuen Mitarbeiter.»,Она обучает новых сотрудников.,Она обучает новых сотрудников.,,,,,Sie unterweist die neuen Mitarbeiter.,She instructs the new employees.,Она обучает новых сотрудников.,,Открытый перевод предложения.
weisen_093,sentence_order,weisen,unterweisen,C2,45322,Соберите немецкое предложение из слов.,Sie unterweist die neuen Mitarbeiter.,Sie unterweist die neuen Mitarbeiter.,,,,,Sie unterweist die neuen Mitarbeiter.,She instructs the new employees.,Она обучает новых сотрудников.,Sie | die | Mitarbeiter. | neuen | unterweist,Поле extra содержит слова в перемешанном порядке.
weisen_094,multiple_choice_sentence_paraphrase,weisen,unterweisen,C2,45322,Выберите перефразированное предложение для: «Sie unterweist die neuen Mitarbeiter.»,Sie schult die neuen Mitarbeiter.,Sie schult die neuen Mitarbeiter.,Sie schult die neuen Mitarbeiter.,Der Chef beauftragt das Team.,Sie macht auf den Fehler aufmerksam.,Der Lehrer schickte ihn aus dem Raum.,Sie unterweist die neuen Mitarbeiter.,She instructs the new employees.,Она обучает новых сотрудников.,,Правильный вариант передаёт тот же смысл другими словами или синонимом.
weisen_095,word_family_base,weisen,unterweisen,C2,45322,От какого базового слова образовано «unterweisen»?,weisen,weisen,weisen,erweisen,anweisen,Wegweiser,Sie unterweist die neuen Mitarbeiter.,She instructs the new employees.,Она обучает новых сотрудников.,,Упражнение на словообразование.
weisen_096,multiple_choice_de_en,weisen,verweisen,B2,1334,Как переводится немецкое слово «verweisen» на английский?,to refer; expel,to refer; expel,to refer; expel,to exhibit,to reject,to verify,Der Lehrer verwies ihn aus dem Raum.,The teacher sent him out of the room.,Учитель удалил его из комнаты.,,Выберите английский перевод слова.
weisen_097,multiple_choice_ru_de,weisen,verweisen,B2,1334,Как будет по-немецки: «ссылаться; удалять»?,verweisen,verweisen,Wegweiser,verweisen,zurechtweisen,aufweisen,Der Lehrer verwies ihn aus dem Raum.,The teacher sent him out of the room.,Учитель удалил его из комнаты.,,Выберите немецкое слово по русскому переводу.
weisen_098,multiple_choice_synonym,weisen,verweisen,B2,1334,Выберите немецкий синоним или близкое по смыслу слово для «verweisen».,hinweisen,hinweisen,belegen,zurückweisen,hinweisen,präsentieren,Der Lehrer verwies ihn aus dem Raum.,The teacher sent him out of the room.,Учитель удалил его из комнаты.,,Синонимы могут зависеть от контекста; здесь используется значение из примера.
weisen_099,sentence_translation_de_en,weisen,verweisen,B2,1334,Переведите предложение на английский: «Der Lehrer verwies ihn aus dem Raum.»,The teacher sent him out of the room.,The teacher sent him out of the room.,,,,,Der Lehrer verwies ihn aus dem Raum.,The teacher sent him out of the room.,Учитель удалил его из комнаты.,,Открытый перевод предложения.
weisen_100,sentence_translation_de_ru,weisen,verweisen,B2,1334,Переведите предложение на русский: «Der Lehrer verwies ihn aus dem Raum.»,Учитель удалил его из комнаты.,Учитель удалил его из комнаты.,,,,,Der Lehrer verwies ihn aus dem Raum.,The teacher sent him out of the room.,Учитель удалил его из комнаты.,,Открытый перевод предложения.
weisen_101,sentence_order,weisen,verweisen,B2,1334,Соберите немецкое предложение из слов.,Der Lehrer verwies ihn aus dem Raum.,Der Lehrer verwies ihn aus dem Raum.,,,,,Der Lehrer verwies ihn aus dem Raum.,The teacher sent him out of the room.,Учитель удалил его из комнаты.,aus | Lehrer | dem | Raum. | Der | ihn | verwies,Поле extra содержит слова в перемешанном порядке.
weisen_102,multiple_choice_sentence_paraphrase,weisen,verweisen,B2,1334,Выберите перефразированное предложение для: «Der Lehrer verwies ihn aus dem Raum.»,Der Lehrer schickte ihn aus dem Raum.,Der Lehrer schickte ihn aus dem Raum.,Der Lehrer schickte ihn aus dem Raum.,Er kann alles belegen.,Das Haus hat Mängel.,Die Lehrerin tadelt ihn.,Der Lehrer verwies ihn aus dem Raum.,The teacher sent him out of the room.,Учитель удалил его из комнаты.,,Правильный вариант передаёт тот же смысл другими словами или синонимом.
weisen_103,word_family_base,weisen,verweisen,B2,1334,От какого базового слова образовано «verweisen»?,weisen,weisen,weisen,hinweisen,aufweisen,beweisen,Der Lehrer verwies ihn aus dem Raum.,The teacher sent him out of the room.,Учитель удалил его из комнаты.,,Упражнение на словообразование.
weisen_104,multiple_choice_de_en,weisen,vorweisen,B2,6872,Как переводится немецкое слово «vorweisen» на английский?,to present,to present,to admit; instruct,to verify,to prove,to present,Bitte weisen Sie das Ticket vor.,Please present the ticket.,"Пожалуйста, предъявите билет.",,Выберите английский перевод слова.
weisen_105,multiple_choice_ru_de,weisen,vorweisen,B2,6872,Как будет по-немецки: «предъявлять»?,vorweisen,vorweisen,vorweisen,Wegweiser,einweisen,überweisen,Bitte weisen Sie das Ticket vor.,Please present the ticket.,"Пожалуйста, предъявите билет.",,Выберите немецкое слово по русскому переводу.
weisen_106,multiple_choice_synonym,weisen,vorweisen,B2,6872,Выберите немецкий синоним или близкое по смыслу слово для «vorweisen».,präsentieren,präsentieren|zeigen,Schild,präsentieren,tadeln,aufnehmen,Bitte weisen Sie das Ticket vor.,Please present the ticket.,"Пожалуйста, предъявите билет.",,Синонимы могут зависеть от контекста; здесь используется значение из примера.
weisen_107,sentence_translation_de_en,weisen,vorweisen,B2,6872,Переведите предложение на английский: «Bitte weisen Sie das Ticket vor.»,Please present the ticket.,Please present the ticket.,,,,,Bitte weisen Sie das Ticket vor.,Please present the ticket.,"Пожалуйста, предъявите билет.",,Открытый перевод предложения.
weisen_108,sentence_translation_de_ru,weisen,vorweisen,B2,6872,Переведите предложение на русский: «Bitte weisen Sie das Ticket vor.»,"Пожалуйста, предъявите билет.","Пожалуйста, предъявите билет.",,,,,Bitte weisen Sie das Ticket vor.,Please present the ticket.,"Пожалуйста, предъявите билет.",,Открытый перевод предложения.
weisen_109,sentence_order,weisen,vorweisen,B2,6872,Соберите немецкое предложение из слов.,Bitte weisen Sie das Ticket vor.,Bitte weisen Sie das Ticket vor.,,,,,Bitte weisen Sie das Ticket vor.,Please present the ticket.,"Пожалуйста, предъявите билет.",weisen | das | Bitte | vor. | Ticket | Sie,Поле extra содержит слова в перемешанном порядке.
weisen_110,multiple_choice_sentence_paraphrase,weisen,vorweisen,B2,6872,Выберите перефразированное предложение для: «Bitte weisen Sie das Ticket vor.»,Bitte zeigen Sie das Ticket.,Bitte zeigen Sie das Ticket.,Der Arzt nimmt ihn auf.,Er zeigte sich als ehrlich.,Bitte zeigen Sie das Ticket.,Er kann alles belegen.,Bitte weisen Sie das Ticket vor.,Please present the ticket.,"Пожалуйста, предъявите билет.",,Правильный вариант передаёт тот же смысл другими словами или синонимом.
weisen_111,word_family_base,weisen,vorweisen,B2,6872,От какого базового слова образовано «vorweisen»?,weisen,weisen,zurückweisen,weisen,einweisen,abweisen,Bitte weisen Sie das Ticket vor.,Please present the ticket.,"Пожалуйста, предъявите билет.",,Упражнение на словообразование.
weisen_112,multiple_choice_de_en,weisen,Wegweiser,C1,11954,Как переводится немецкое слово «Wegweiser» на английский?,signpost,signpost,to admit; instruct,to assign,signpost,to refer; expel,Der Wegweiser steht am Eingang.,The signpost stands at the entrance.,Указатель стоит у входа.,,Выберите английский перевод слова.
weisen_113,multiple_choice_ru_de,weisen,Wegweiser,C1,11954,Как будет по-немецки: «указатель»?,Wegweiser,Wegweiser,Wegweiser,erweisen,vorweisen,aufweisen,Der Wegweiser steht am Eingang.,The signpost stands at the entrance.,Указатель стоит у входа.,,Выберите немецкое слово по русскому переводу.
weisen_114,multiple_choice_synonym,weisen,Wegweiser,C1,11954,Выберите немецкий синоним или близкое по смыслу слово для «Wegweiser».,Schild,Schild,aufmerksam machen,zuteilen,zurückweisen,Schild,Der Wegweiser steht am Eingang.,The signpost stands at the entrance.,Указатель стоит у входа.,,Синонимы могут зависеть от контекста; здесь используется значение из примера.
weisen_115,sentence_translation_de_en,weisen,Wegweiser,C1,11954,Переведите предложение на английский: «Der Wegweiser steht am Eingang.»,The signpost stands at the entrance.,The signpost stands at the entrance.,,,,,Der Wegweiser steht am Eingang.,The signpost stands at the entrance.,Указатель стоит у входа.,,Открытый перевод предложения.
weisen_116,sentence_translation_de_ru,weisen,Wegweiser,C1,11954,Переведите предложение на русский: «Der Wegweiser steht am Eingang.»,Указатель стоит у входа.,Указатель стоит у входа.,,,,,Der Wegweiser steht am Eingang.,The signpost stands at the entrance.,Указатель стоит у входа.,,Открытый перевод предложения.
weisen_117,sentence_order,weisen,Wegweiser,C1,11954,Соберите немецкое предложение из слов.,Der Wegweiser steht am Eingang.,Der Wegweiser steht am Eingang.,,,,,Der Wegweiser steht am Eingang.,The signpost stands at the entrance.,Указатель стоит у входа.,Der | Eingang. | Wegweiser | steht | am,Поле extra содержит слова в перемешанном порядке.
weisen_118,multiple_choice_sentence_paraphrase,weisen,Wegweiser,C1,11954,Выберите перефразированное предложение для: «Der Wegweiser steht am Eingang.»,Das Schild steht am Eingang.,Das Schild steht am Eingang.,Das Schild steht am Eingang.,Ich folge deiner Anordnung.,Er lehnte den Vorschlag ab.,Sie weist ihre Theorie nach.,Der Wegweiser steht am Eingang.,The signpost stands at the entrance.,Указатель стоит у входа.,,Правильный вариант передаёт тот же смысл другими словами или синонимом.
weisen_119,word_family_base,weisen,Wegweiser,C1,11954,От какого базового слова образовано «Wegweiser»?,weisen,weisen,weisen,erweisen,zurückweisen,einweisen,Der Wegweiser steht am Eingang.,The signpost stands at the entrance.,Указатель стоит у входа.,,Упражнение на словообразование.
weisen_120,multiple_choice_de_en,weisen,Weisung,C1,11803,Как переводится немецкое слово «Weisung» на английский?,instruction,instruction,instruction,to exhibit,to instruct; transfer,to verify,Ich folge deiner Weisung.,I follow your instruction.,Я следую твоему указанию.,,Выберите английский перевод слова.
weisen_121,multiple_choice_ru_de,weisen,Weisung,C1,11803,Как будет по-немецки: «указание»?,Weisung,Weisung,anweisen,ausweisen,Weisung,zurückweisen,Ich folge deiner Weisung.,I follow your instruction.,Я следую твоему указанию.,,Выберите немецкое слово по русскому переводу.
weisen_122,multiple_choice_synonym,weisen,Weisung,C1,11803,Выберите немецкий синоним или близкое по смыслу слово для «Weisung».,Anordnung,Anordnung,Anordnung,aufnehmen,identifizieren,zurückweisen,Ich folge deiner Weisung.,I follow your instruction.,Я следую твоему указанию.,,Синонимы могут зависеть от контекста; здесь используется значение из примера.
weisen_123,sentence_translation_de_en,weisen,Weisung,C1,11803,Переведите предложение на английский: «Ich folge deiner Weisung.»,I follow your instruction.,I follow your instruction.,,,,,Ich folge deiner Weisung.,I follow your instruction.,Я следую твоему указанию.,,Открытый перевод предложения.
weisen_124,sentence_translation_de_ru,weisen,Weisung,C1,11803,Переведите предложение на русский: «Ich folge deiner Weisung.»,Я следую твоему указанию.,Я следую твоему указанию.,,,,,Ich folge deiner Weisung.,I follow your instruction.,Я следую твоему указанию.,,Открытый перевод предложения.
weisen_125,sentence_order,weisen,Weisung,C1,11803,Соберите немецкое предложение из слов.,Ich folge deiner Weisung.,Ich folge deiner Weisung.,,,,,Ich folge deiner Weisung.,I follow your instruction.,Я следую твоему указанию.,deiner | Ich | folge | Weisung.,Поле extra содержит слова в перемешанном порядке.
weisen_126,multiple_choice_sentence_paraphrase,weisen,Weisung,C1,11803,Выберите перефразированное предложение для: «Ich folge deiner Weisung.»,Ich folge deiner Anordnung.,Ich folge deiner Anordnung.,Der Lehrer schickte ihn aus dem Raum.,Der Arzt nimmt ihn auf.,Bitte zeigen Sie das Ticket.,Ich folge deiner Anordnung.,Ich folge deiner Weisung.,I follow your instruction.,Я следую твоему указанию.,,Правильный вариант передаёт тот же смысл другими словами или синонимом.
weisen_127,word_family_base,weisen,Weisung,C1,11803,От какого базового слова образовано «Weisung»?,weisen,weisen,weisen,unterweisen,zurückweisen,Wegweiser,Ich folge deiner Weisung.,I follow your instruction.,Я следую твоему указанию.,,Упражнение на словообразование.
weisen_128,multiple_choice_de_en,weisen,zuweisen,B2,9487,Как переводится немецкое слово «zuweisen» на английский?,to assign,to assign,to assign,to exhibit,to prove; show,instruction,Man weist ihr ein Büro zu.,She is assigned an office.,Ей выделяют офис.,,Выберите английский перевод слова.
weisen_129,multiple_choice_ru_de,weisen,zuweisen,B2,9487,"Как будет по-немецки: «назначать, распределять»?",zuweisen,zuweisen,weisen,zuweisen,verweisen,überweisen,Man weist ihr ein Büro zu.,She is assigned an office.,Ей выделяют офис.,,Выберите немецкое слово по русскому переводу.
weisen_130,multiple_choice_synonym,weisen,zuweisen,B2,9487,Выберите немецкий синоним или близкое по смыслу слово для «zuweisen».,zuteilen,zuteilen,identifizieren,transferieren,Anordnung,zuteilen,Man weist ihr ein Büro zu.,She is assigned an office.,Ей выделяют офис.,,Синонимы могут зависеть от контекста; здесь используется значение из примера.
weisen_131,sentence_translation_de_en,weisen,zuweisen,B2,9487,Переведите предложение на английский: «Man weist ihr ein Büro zu.»,She is assigned an office.,She is assigned an office.,,,,,Man weist ihr ein Büro zu.,She is assigned an office.,Ей выделяют офис.,,Открытый перевод предложения.
weisen_132,sentence_translation_de_ru,weisen,zuweisen,B2,9487,Переведите предложение на русский: «Man weist ihr ein Büro zu.»,Ей выделяют офис.,Ей выделяют офис.,,,,,Man weist ihr ein Büro zu.,She is assigned an office.,Ей выделяют офис.,,Открытый перевод предложения.
weisen_133,sentence_order,weisen,zuweisen,B2,9487,Соберите немецкое предложение из слов.,Man weist ihr ein Büro zu.,Man weist ihr ein Büro zu.,,,,,Man weist ihr ein Büro zu.,She is assigned an office.,Ей выделяют офис.,ihr | zu. | Büro | weist | ein | Man,Поле extra содержит слова в перемешанном порядке.
weisen_134,multiple_choice_sentence_paraphrase,weisen,zuweisen,B2,9487,Выберите перефразированное предложение для: «Man weist ihr ein Büro zu.»,Man teilt ihr ein Büro zu.,Man teilt ihr ein Büro zu.,Der Lehrer schickte ihn aus dem Raum.,Das Gericht lehnte die Klage ab.,Man teilt ihr ein Büro zu.,Sie macht auf den Fehler aufmerksam.,Man weist ihr ein Büro zu.,She is assigned an office.,Ей выделяют офис.,,Правильный вариант передаёт тот же смысл другими словами или синонимом.
weisen_135,word_family_base,weisen,zuweisen,B2,9487,От какого базового слова образовано «zuweisen»?,weisen,weisen,weisen,verweisen,nachweisen,überweisen,Man weist ihr ein Büro zu.,She is assigned an office.,Ей выделяют офис.,,Упражнение на словообразование.
weisen_136,multiple_choice_de_en,weisen,zurechtweisen,C2,53427,Как переводится немецкое слово «zurechtweisen» на английский?,to reprimand,to reprimand,instruction,"to point, show",to instruct; transfer,to reprimand,Die Lehrerin weist ihn zurecht.,The teacher reprimands him.,Учительница отчитывает его.,,Выберите английский перевод слова.
weisen_137,multiple_choice_ru_de,weisen,zurechtweisen,C2,53427,Как будет по-немецки: «отчитывать»?,zurechtweisen,zurechtweisen,weisen,abweisen,zurechtweisen,anweisen,Die Lehrerin weist ihn zurecht.,The teacher reprimands him.,Учительница отчитывает его.,,Выберите немецкое слово по русскому переводу.
weisen_138,multiple_choice_synonym,weisen,zurechtweisen,C2,53427,Выберите немецкий синоним или близкое по смыслу слово для «zurechtweisen».,tadeln,tadeln,identifizieren,tadeln,aufmerksam machen,beauftragen,Die Lehrerin weist ihn zurecht.,The teacher reprimands him.,Учительница отчитывает его.,,Синонимы могут зависеть от контекста; здесь используется значение из примера.
weisen_139,sentence_translation_de_en,weisen,zurechtweisen,C2,53427,Переведите предложение на английский: «Die Lehrerin weist ihn zurecht.»,The teacher reprimands him.,The teacher reprimands him.,,,,,Die Lehrerin weist ihn zurecht.,The teacher reprimands him.,Учительница отчитывает его.,,Открытый перевод предложения.
weisen_140,sentence_translation_de_ru,weisen,zurechtweisen,C2,53427,Переведите предложение на русский: «Die Lehrerin weist ihn zurecht.»,Учительница отчитывает его.,Учительница отчитывает его.,,,,,Die Lehrerin weist ihn zurecht.,The teacher reprimands him.,Учительница отчитывает его.,,Открытый перевод предложения.
weisen_141,sentence_order,weisen,zurechtweisen,C2,53427,Соберите немецкое предложение из слов.,Die Lehrerin weist ihn zurecht.,Die Lehrerin weist ihn zurecht.,,,,,Die Lehrerin weist ihn zurecht.,The teacher reprimands him.,Учительница отчитывает его.,Die | weist | ihn | Lehrerin | zurecht.,Поле extra содержит слова в перемешанном порядке.
weisen_142,multiple_choice_sentence_paraphrase,weisen,zurechtweisen,C2,53427,Выберите перефразированное предложение для: «Die Lehrerin weist ihn zurecht.»,Die Lehrerin tadelt ihn.,Die Lehrerin tadelt ihn.,Sie weist ihre Theorie nach.,Die Lehrerin tadelt ihn.,Das Haus hat Mängel.,Sie schult die neuen Mitarbeiter.,Die Lehrerin weist ihn zurecht.,The teacher reprimands him.,Учительница отчитывает его.,,Правильный вариант передаёт тот же смысл другими словами или синонимом.
weisen_143,word_family_base,weisen,zurechtweisen,C2,53427,От какого базового слова образовано «zurechtweisen»?,weisen,weisen,Wegweiser,weisen,hinweisen,verweisen,Die Lehrerin weist ihn zurecht.,The teacher reprimands him.,Учительница отчитывает его.,,Упражнение на словообразование.
weisen_144,multiple_choice_de_en,weisen,zurückweisen,B2,3706,Как переводится немецкое слово «zurückweisen» на английский?,to reject,to reject,to exhibit,to reject,to instruct; transfer,to point out,Er wies den Vorschlag zurück.,He rejected the proposal.,Он отверг предложение.,,Выберите английский перевод слова.
weisen_145,multiple_choice_ru_de,weisen,zurückweisen,B2,3706,Как будет по-немецки: «отвергать»?,zurückweisen,zurückweisen,vorweisen,abweisen,zurückweisen,unterweisen,Er wies den Vorschlag zurück.,He rejected the proposal.,Он отверг предложение.,,Выберите немецкое слово по русскому переводу.
weisen_146,multiple_choice_synonym,weisen,zurückweisen,B2,3706,Выберите немецкий синоним или близкое по смыслу слово для «zurückweisen».,abweisen,abweisen,Schild,zeigen,abweisen,zuteilen,Er wies den Vorschlag zurück.,He rejected the proposal.,Он отверг предложение.,,Синонимы могут зависеть от контекста; здесь используется значение из примера.
weisen_147,sentence_translation_de_en,weisen,zurückweisen,B2,3706,Переведите предложение на английский: «Er wies den Vorschlag zurück.»,He rejected the proposal.,He rejected the proposal.,,,,,Er wies den Vorschlag zurück.,He rejected the proposal.,Он отверг предложение.,,Открытый перевод предложения.
weisen_148,sentence_translation_de_ru,weisen,zurückweisen,B2,3706,Переведите предложение на русский: «Er wies den Vorschlag zurück.»,Он отверг предложение.,Он отверг предложение.,,,,,Er wies den Vorschlag zurück.,He rejected the proposal.,Он отверг предложение.,,Открытый перевод предложения.
weisen_149,sentence_order,weisen,zurückweisen,B2,3706,Соберите немецкое предложение из слов.,Er wies den Vorschlag zurück.,Er wies den Vorschlag zurück.,,,,,Er wies den Vorschlag zurück.,He rejected the proposal.,Он отверг предложение.,wies | Er | zurück. | Vorschlag | den,Поле extra содержит слова в перемешанном порядке.
weisen_150,multiple_choice_sentence_paraphrase,weisen,zurückweisen,B2,3706,Выберите перефразированное предложение для: «Er wies den Vorschlag zurück.»,Er lehnte den Vorschlag ab.,Er lehnte den Vorschlag ab.,Er lehnte den Vorschlag ab.,Sie weist ihre Theorie nach.,Bitte zeigen Sie das Ticket.,Sie macht auf den Fehler aufmerksam.,Er wies den Vorschlag zurück.,He rejected the proposal.,Он отверг предложение.,,Правильный вариант передаёт тот же смысл другими словами или синонимом.
weisen_151,word_family_base,weisen,zurückweisen,B2,3706,От какого базового слова образовано «zurückweisen»?,weisen,weisen,einweisen,nachweisen,erweisen,weisen,Er wies den Vorschlag zurück.,He rejected the proposal.,Он отверг предложение.,,Упражнение на словообразование.
